{"loss": 0.20706690847873688, "accuracy": 0.9253126978874207, "_runtime": 70, "_timestamp": 1634418545, "_step": 5, "_wandb": {"runtime": 76}}